{
  "nu_s": 0.3934693402873666,
  "eps_max": 0.01055908203125,
  "E_A_0": 13.933444023132324,
  "L": 4,
  "d_min": 64,
  "tau": 2,
  "tau_m_ms": 1.0,
  "dt_ms": 0.5
}